{"cameraMode":{"drawMode":0,"name":"Shaded","section":"Shading Mode"},"sceneLighting":true,"audioPlay":false,"sceneViewState":{"showFog":true,"showMaterialUpdate":false,"showSkybox":true,"showFlares":true,"showImageEffects":true,"showParticleSystems":true},"in2DMode":false,"pivot":{"x":-12.770000457763672,"y":43.779998779296878,"z":36.79999923706055},"rotation":{"x":-0.2888460159301758,"y":0.16972975432872773,"z":-0.05212653428316116,"w":-0.9407671093940735},"size":15.764986038208008,"orthographic":true}